,CVE_DOC,CVE_ART,MARGEN_TOTAL_CALCULADO
0,F37034,TUE00244,381.68
1,F37036,TUA00028,936.87
2,F37041,TP0007,2617.56
3,F37042,TP0001,101.04
4,F37043,BP00242,141.41
5,F37043,BP00243,375.32
6,F37044,RP00165,8676.24
7,F37046,TP0001,166.62
8,F37048,TUE00207,1097.11
9,F37049,TUE00207,1097.11
10,F37050,TUE00207,1097.11
11,F37051,TUE00207,1028.68
12,F37052,TUE00207,1028.68
13,F37053,BO00051,1399.03
14,F37054,BC00023,1353.2
15,F37058,PT00070,84.17
16,F37059,TP0011,1294.56
17,F37060,PJ31C1F1AA00,-50.69
18,F37061,WRE-2133,3713.02
19,F37061,WRE-2774,5218.69
20,F37061,WRE-4885,1406.76
21,F37067,MR01934,2372.32
22,F37068,PT00080,459.17
23,F37068,PT00081,565.6
24,F37069,RP00150,2999.28
25,F37071,TUA00009,2298.34
26,F37073,TP0011,1805.0
27,F37073,TP0012,1985.17
28,F37077,PT00044,3032.15
29,F37078,BOBINA001,29816.42
30,F37083,TUE00247,3364.8
31,F37086,BOBINA001,29816.42
32,F37087,TUE00320,422.63
33,F37092,PJ31A1F1A400,815.55
34,F37092,PK31A1F1A400,1376.36
35,F37095,RP00172,376.34
36,F37095,RP00173,440.22
37,F37097,BN00232,655.95
38,F37098,CBS00045,7789.83
39,F37100,MR01934,776.8
40,F37102,TUE00321,33632.58
41,F37103,TF71E1120A00,4657.47
42,F37105,BO00052,4231.66
43,F37107,TUA00404,6643.69
44,F37110,TEE00025,1000.59
45,F37114,TUS00049,662.71
46,F37117,TUE00322,1206.75
47,F37117,TUE00323,731.93
48,F37117,TUS00020,1346.56
49,F37120,TUE00328,1954.74
50,F37125,TUS00003,2228.53
51,F37126,BB1 1/2X1/2-300W,165.0
52,F37128,TP0008,288.64
53,F37129,TUE00324,1186.05
54,F37129,TUE00325,1319.87
55,F37130,TUE00326,944.45
56,F37130,TUE00327,950.45
57,F37134,RB00010,2241.2
58,F37138,P7J6C1D1A030,333.68
59,F37141,CS12E2040A00,977.82
60,F37142,CS12E2040A00,977.82
61,F37143,BC00024,2567.58
62,F37143,BC00025,2220.95
63,F37143,BP00241,3403.09
64,F37143,TP00016,674.8
65,F37147,TUA00258,15238.78
66,F37150,BN00236,687.21
67,F37150,BN00237,3517.68
68,F37152,TUA00364,7394.17
69,F37153,BP00245,941.24
70,F37156,BP00244,-36.71
71,F37161,PK31B1I1A000,3103.83
72,F37167,BP00051,312.07
73,F37167,TUA00400,522.18
74,F37169,ECQ-00972,35994.05
75,F37171,TU5/16X230MM,2398.82
76,F37174,TUE00146,10773.27
77,F37175,BO00054,6537.02
78,F37175,BO00055,6672.21
79,F37178,70001693,2412.27
80,F37180,TP0004,1948.71
81,F37184,BE00010,1820.59
82,F37184,BL00011,2844.11
83,F37184,BL00052,5199.3
84,F37185,TUS00086,480.75
85,F37187,TEA00058,4026.44
86,F37187,TEA00059,4759.85
87,F37191,TEE00026,1587.53
88,F37192,TP0003,1574.98
89,F37193,TP0001,59.04
90,F37198,TUA00410,1400.75
91,F37202,CS14B1010A00,446.2
92,F37204,TUA00350,1223.06
93,F37214,TP0001,68.8
94,F37215,PK18J1F1A400,385.78
95,F37217,RP00176,1957.43
96,F37219,TUS00064,3086.92
97,F37221,TUA00078,3196.22
98,F37222,CS38E1017A00,855.16
99,F37223,TP0003,53.75
100,F37223,TP0025,99.11
101,F37226,PT00082,2822.4
102,F37230,54020219,2846.25
103,F37231,93980461,1539.64
104,F37233,PJ14F10B0600,537.73
105,F37235,TUE00057,1082.33
106,F37236,TUE00331,1897.88
107,F37237,BT00005,2462.2
108,F37238,RC00024,430.69
109,F37239,TUE00332,1718.56
110,F37240,TUA00124,924.61
111,F37240,TUE00063,7757.81
112,F37240,TUE00129,3263.0
113,F37241,TUE00008,1711.39
114,F37242,TUA00401,968.06
115,F37243,CAS00066,2199.14
116,F37249,BB00077,944.47
117,F37250,TUS00052,184.12
118,F37255,TU5/16X230MM,773.77
119,F37257,TJ00087,1180.01
120,F37257,TJ00088,696.84
121,F37259,BB1 1/2X1/2-300W,165.0
122,F37260,CBS00002,3399.32
123,F37261,TUS00052,184.12
124,F37262,TUA00407,696.74
125,F37269,TP0005,807.87
126,F37270,65014-38,1706.11
127,F37275,CS12G1040A00,475.22
128,F37276,MA00001,779.23
129,F37277,TUA00412,3365.46
130,F37277,TUA00414,2566.97
131,F37278,CS12J1075A00,2233.04
132,F37279,TUE00329,994.22
133,F37279,TUE00330,990.64
134,F37282,TUA00143,10859.02
135,F37285,BB2X2ST,242.0
136,F37289,TUA00405,2270.16
137,F37289,TUA00406,1437.95
138,F37299,CBS00001,15286.91
139,F37300,BN00112,1531.22
140,F37300,RPISTOLA01,6232.18
141,F37301,TUA00408,4033.13
142,F37302,P231B1AF0500,4564.05
143,F37303,TUE00334,3469.25
144,F37311,TUA00400,1708.21
145,F37318,TUA00415,10324.2
146,F37319,TEA00004,388.64
147,F37320,TUA00082,7319.64
148,F37321,TUE00098,3193.27
149,F37326,RC00026,1455.46
150,F37331,ECQ-01444,6786.45
151,F37333,TUS00002,1684.84
152,F37336,TP0016,1182.21
153,F37336,TP0026,488.51
154,F37339,CBS00099,7127.32
155,F37341,TK00062,2409.66
156,F37342,TP0005,220.4
157,F37349,CBS00100,1497.03
158,F37350,PK31B1G10000,565.11
159,F37355,BN00055,5424.76
160,F37357,CS38M1050A01,2611.96
161,F37357,CS38N1050A01,2550.28
162,F37358,BL00053,766.16
163,F37358,BN00232,645.38
164,F37358,BP00246,939.84
165,F37358,BP00247,1678.51
166,F37358,BP00248,1186.38
167,F37359,BN00115,1301.44
168,F37361,TUS00052,1080.66
169,F37362,TP0010,230.38
170,F37363,CM12G2075A00,2870.43
171,F37363,RP00177,2116.32
172,F37367,TUS00111,809.13
173,F37370,TUE00148,1837.41
174,F37372,TU5/16X230MM,692.77
175,F37375,TP0002,187.29
176,F37376,PT00057,2210.9
177,F37378,PT00082,2822.4
178,F37381,TU5/16X203V,2152.37
179,F37386,TUE00081,3693.24
180,F37389,TP0011,284.87
181,F37394,TUA00280,961.35
182,F37395,RP00178,849.67
183,F37401,BO00053,2229.0
184,F37403,P7J6C1D1A030,602.34
185,F37409,TEA00092,9092.12
186,F37409,TEA00093,6954.33
187,F37414,PK14C1D1G300,1759.83
188,F37415,TT00007,1246.6
189,F37415,TT00008,1402.51
190,F37417,TU5/16X203V240W,824.79
191,F37418,TEA00023,8157.26
192,F37422,TP0001,161.74
193,F37425,TU5/16X870J127V,585.82
194,F37426,TEA00096,1294.59
195,F37429,TUA00025,7282.48
196,F37430,TP0015,2120.3
197,F37433,RP00175,653.35
198,F37434,TP0016,591.1
199,F37435,TUS00112,11485.18
200,F37436,TUA00403,2282.61
201,F37437,BB1 1/2X1/2-300W,165.0
202,F37442,BB1 1/2X1/2-300W,182.0
203,F37442,TP0025,108.27
204,F37443,TUE00146,43043.83
205,F37444,BE00011,1485.18
206,F37444,BE00012,1509.16
207,F37444,BE00013,1547.6
208,F37444,BE00015,1576.68
209,F37444,BN00243,1519.26
210,F37444,BN00244,1581.59
211,F37444,BN00245,1840.74
212,F37444,BN00246,1629.6
213,F37444,BP00249,4864.51
214,F37445,PJ140FD1A000,665.26
215,F37447,TUE00179,2973.38
216,F37449,RC00025,1187.16
217,F37450,CS58H1060A00,1154.25
218,F37451,CS58H1060A00,1154.25
219,F37455,TU5/16X870J127V,585.82
220,F37458,CBS00101,8318.65
221,F37464,TUA00427,16415.61
222,F37465,TEA00006,2530.08
223,F37467,TEE00017,2027.11
224,F37468,CS12J2025A00,576.24
225,F37469,TUE00207,435.78
226,F37470,TUE00207,435.78
227,F37471,TUE00207,435.78
228,F37472,TUE00207,435.78
229,F37473,TUE00207,435.78
230,F37474,TUE00332,519.44
231,F37475,TP0009,569.73
232,F37475,TP0010,393.8
233,F37475,TP0040,463.54
234,F37480,TEA00006,1179.76
235,F37481,CBS00056,2226.53
236,F37482,70001694,2793.81
237,F37483,70001698,2941.71
238,F37484,70001692,3005.15
239,F37485,70001690,2783.22
240,F37486,70001684,3699.86
241,F37487,P214F1AB0600,2220.81
242,F37490,CS12F1040A00,1893.48
243,F37491,TUE00339,-6217.41
244,F37492,BP00206,2088.59
245,F37493,ECQ-00972,34076.16
246,F37495,TUE00075,2383.65
247,F37498,CS12G1040A00,949.97
248,F37499,TUS00113,858.43
249,F37500,TUE00176,2038.61
250,F37502,PJ14F1L1A800,1309.32
251,F37509,TUE00132,705.22
252,F37509,TUS00005,1861.84
253,F37513,TUE00338,1016.81
254,F37514,TUE00337,2456.42
255,F37515,TUS00029,931.41
256,F37516,BB00017,1289.89
257,F37516,BB00018,911.15
258,F37516,BN00002,1079.85
259,F37516,BN00003,983.02
260,F37517,BL00038,1740.71
261,F37517,PJ31Q1G3A100,485.62
262,F37518,TUA00426,2340.12
263,F37519,PK14G1D1G300,1864.82
264,F37521,TUE00075,2325.56
265,F37522,TUE00198,1740.25
266,F37525,BC00026,1836.19
267,F37530,TUE00307,3173.29
268,F37530,TUE00308,3536.56
269,F37531,PT00082,2822.4
270,F37535,BS00006,17831.27
271,F37535,BS00008,16537.11
272,F37538,BB2X2ST,242.0
273,F37539,RP00181,4273.74
274,F37540,TUE00337,2456.42
275,F37541,TK00028,881.52
276,F37543,TP0008,301.0
277,F37543,TP0040,245.28
278,F37544,TUA00428,425.1
279,F37545,TUA00143,10163.91
280,F37547,TUA00102,884.26
281,F37553,P7J6C1D1A030,602.34
282,F37555,TUA00431,1391.83
283,F37556,TP0005,711.61
284,F37559,TUE00007,1829.74
285,F37562,CS38F1010A00,2026.12
286,F37564,WRE-2137,4904.32
287,F37565,BN00242,850.87
288,F37573,TUE00343,8119.07
289,F37578,BO00056,583.35
290,F37579,TEE00017,3887.68
291,F37580,TP0011,326.2
292,F37582,TU5/16X203V,2686.01
293,F37584,TU5/16X230MM,787.46
294,F37585,TUE00341,663.3
295,F37586,TUE00341,663.3
296,F37589,TUA00430,3406.95
297,F37594,CS14D2017B20,1402.92
298,F37602,TP0005,288.19
299,F37603,TEA00006,4719.05
300,F37604,TUE00042,0.0
301,F37605,TP0011,1631.0
302,F37606,RM00017,2005.72
303,F37607,TUA00134,7487.35
304,F37608,PT00063,1749.72
305,F37610,TUA00432,2724.47
306,F37612,BB1 1/2X1/2-300W,484.0
307,F37612,TP0001,137.6
308,F37615,TUA00371,1959.55
309,F37620,CAS00075,5775.15
310,F37620,CAS00076,10911.33
311,F37622,BB1 1/2X1/2-300W,165.0
312,F37624,TUA00175,7929.63
313,F37625,TUA00241,7424.73
314,F37626,TU5/16X230MM,787.46
315,F37628,TUA00222,1714.99
316,F37629,TUE00333,1714.24
317,F37633,TUA00421,3978.9
318,F37637,TUE00103,2202.7
319,F37639,TP0012,1654.31
320,F37642,BB1 1/2X1/2-300W,242.0
321,F37644,TUE00340,2257.93
322,F37646,BS00011,1636.14
323,F37649,TUA00124,2133.12
324,F37652,TUS00115,2270.88
325,F37655,BL00022,597.89
326,F37656,PT00047,8061.59
327,F37658,ECQ-01444,4584.37
328,F37662,TP0010,921.81
329,F37664,TUA00429,2653.78
330,F37665,TP0011,708.4
331,F37667,TUA00419,1677.89
332,F37672,BE00016,508.41
333,F37673,BL00054,1350.55
334,F37674,BO00058,3789.24
335,F37676,TUE00207,435.78
336,F37677,TUA00422,859.82
337,F37678,TUA00422,859.82
338,F37679,TUA00424,1431.38
339,F37680,TUA00424,1431.38
340,F37685,BP00089,1724.46
341,F37687,TU5/16X230MM,787.46
342,F37688,P114I1D4A000,1121.66
343,F37692,BP00257,1860.1
344,F37692,TP0001,111.08
345,F37693,TP0002,203.29
346,F37695,TP0001,118.08
347,F37697,RP00165,8788.35
348,F37698,TP0016,510.0
349,F37699,TU5/16X230MM,1599.22
350,F37700,TP0005,1779.83
351,F37701,TUA00433,11072.63
352,F37702,CBE00028,1742.29
353,F37702,TK00034,331.18
354,F37703,BP00259,395.54
355,F37703,BP00260,497.96
356,F37708,TUA00200,7254.98
357,F37710,TUE00161,3334.07
358,F37711,RP00182,5454.83
359,F37713,TUA00099,6226.16
360,F37714,PA00001,6821.36
361,F37717,TR51G1125A00,488.13
362,F37718,CS12E2040A00,1957.88
363,F37718,CS12F2040A00,1890.66
364,F37719,TK00063,1443.34
365,F37722,BL00001,528.72
366,F37722,BP00258,754.72
367,F37724,EE00003,1170.24
368,F37728,BOE00012,11420.51
369,F37728,BOE00013,16684.54
370,F37730,TP0008,480.32
371,F37730,TP0022,452.12
372,F37731,TP0001,81.04
373,F37734,BO00005,33879.12
374,F37736,TP0003,1534.31
375,F37737,TP0003,238.54
376,F37740,TEA00016,2279.32
377,F37742,RP00184,533.99
378,F37743,TEA00017,1247.03
379,F37746,BN00248,3420.34
380,F37746,BN00249,645.43
381,F37746,BN00250,398.97
382,F37746,BN00251,177.14
383,F37750,BP00149,5946.37
384,F37750,BP00150,4187.27
385,F37751,BE00011,1485.18
386,F37751,BE00012,1509.16
387,F37751,BE00013,1547.6
388,F37751,BE00015,1576.68
389,F37752,TP0003,118.15
390,F37753,BB1 1/2X1/2-300W,215.0
391,F37755,TUS00116,462.68
392,F37756,TUS00118,946.57
393,F37757,TP0015,531.5
394,F37758,TUE00319,61844.32
395,F37760,151.7208,773.87
396,F37761,TUA00096,790.77
397,F37764,TP0024,349.53
398,F37770,TP0022,452.14
399,F37772,TUE00025,1235.32
400,F37774,MA00016,532.1
401,F37775,RP00180,363.93
402,F37776,RP00171,761.79
403,F37777,BOBINA001,57511.19
404,F37785,BB1 1/2X1/2-300W,225.0
405,F37787,TUA00219,12786.35
406,F37788,TUS00020,5682.56
407,F37791,TUA00434,811.12
408,F37802,CS12F1040A00,2841.3
409,F37802,CS12H1050A00,3332.32
410,F37803,ECQ-00972,27730.12
411,F37803,ECQ-01444,2316.77
412,F37804,ECQ-00972,11185.47
413,F37804,ECQ-01444,6786.45
414,F37805,TP00019,6910.26
415,F37807,TUE00162,2764.98
416,F37808,TUE00348,8612.27
417,F37813,TUE00105,3650.1
418,F37814,TUS00035,1706.29
419,F37817,GAB00014,19370.94
420,F37817,TUA00376,8403.47
421,F37818,TP0040,298.24
422,F37824,TP0001,77.3
423,F37827,BP00251,521.36
424,F37827,BP00252,453.64
425,F37827,BP00253,521.36
426,F37827,BP00254,439.11
427,F37827,BP00255,505.63
428,F37827,BP00256,487.63
429,F37829,RP00187,771.84
430,F37830,TUS00002,1796.93
431,F37831,TUS00001,2188.54
432,F37832,TUE00081,1919.29
433,F37834,TUA00175,7929.63
434,F37835,TUS00117,940.45
435,F37836,BC00010,4079.35
436,F37841,RP00150,2999.28
437,F37842,BB1 1/2X1/2-300W,215.0
438,F37843,MR01934,3107.2
439,F37844,BN00064,715.91
440,F37845,TP0026,244.17
441,F37852,TUS00017,2669.0
442,F37852,TUS00018,1581.18
443,F37853,TP0002,102.09
444,F37854,E1041959,18.53
445,F37858,BC00006,2849.29
446,F37858,P231A1D6K200,1737.47
447,F37860,65014-38,3664.66
448,F37863,TUA00435,2470.66
449,F37866,CM10E2050A00,464.26
450,F37872,TUA00420,4198.19
451,F37876,EE00026,93.16
452,F37876,TU5/16X203V,328.13
453,F37878,TP0011,681.2
454,F37878,TP0012,259.46
455,F37880,TUA00017,1961.87
456,F37882,TJ00046,703.93
457,F37882,TP0024,114.51
458,F37883,TUE00342,1602.62
459,F37884,TUE00103,2202.7
460,F37888,PJ14F10B0600,1234.27
461,F37888,PJ14J10B0600,600.22
462,F37892,TUA00148,1723.65
463,F37898,TUE00132,832.79
464,F37899,P114Q1H90412,5041.55
465,F37900,TUS00119,478.79
466,F37903,TUA00087,8299.56
467,F37906,TUE00345,987.6
468,F37908,TUE00248,3716.18
469,F37909,TJ00090,463.56
470,F37910,TUE00351,791.24
471,F37910,TUE00352,791.24
472,F37912,E1041968,1324.37
473,F37914,RP00183,899.4
474,F37919,RP00137,551.92
475,F37922,TUA00124,2773.83
476,F37925,TP0012,1037.84
477,F37927,TUE00207,4485.26
478,F37929,RC00027,637.02
479,F37933,TUE00172,19950.17
480,F37937,PT00082,2822.4
481,F37938,TP0002,154.86
482,F37939,TUE00350,811.34
483,F37941,BN00252,856.14
484,F37942,TUA00436,2457.79
485,F37943,CAE00039,1373.9
486,F37944,TEA00099,2914.83
487,F37946,BC00027,1952.46
488,F37947,TUA00099,6087.74
489,F37951,TP0001,67.21
490,F37953,CM10D2025A00,1105.99
491,F37953,CM10D2030A00,847.64
492,F37958,TP0004,187.54
493,F37959,TP0024,114.51
494,F37960,BL00055,462.85
495,F37961,TJ00043,951.15
496,F37962,TJ00043,2853.46
497,F37964,TUS00003,6490.64
498,F37966,BB1 1/2X1/2-300W,242.0
499,F37967,E1041960,657.43
500,F37970,CS14E1020A00,439.2
501,F37971,P231F1H6AB00,1447.73
502,F37972,TUA00079,2364.1
503,F37977,TUE00319,61844.32
504,F37978,TUE00248,3716.18
505,F37980,TP0003,1776.33
506,F37985,BO00059,4299.7
507,F37987,CAE00039,1373.9
508,F37990,TUA00412,1323.82
509,F37990,TUA00440,663.98
510,F37990,TUS00120,548.08
511,F37991,TP0002,204.19
512,F37996,TUA00124,2109.62
513,F37997,RM00038,6481.35
514,F38000,TUA00376,8395.81
515,F38001,TP0025,652.68
516,F38003,TUS00048,586.0
517,F38004,TUE00258,1141.04
518,F38005,TP00011,6270.07
519,F38005,TUE00261,28027.01
520,F38008,TUA00437,1484.45
521,F38012,TUE00336,3115.06
522,F38014,PT00083,2300.06
523,F38021,PA00001,6551.82
524,F38023,TP0011,276.29
525,F38026,BP00261,914.37
526,F38029,TUA00438,1130.44
527,F38030,TP0011,340.6
528,F38036,TP0012,694.92
529,F38042,CAE00040,8265.59
530,F38043,TUE00034,3984.95
531,F38046,ECQ-00971,4213.0
532,F38046,ECQ-01444,8803.52
533,F38047,ECQ-00972,39892.55
534,F38047,ECQ-01444,22621.49
535,F38048,TUE00344,2466.93
536,F38058,CS38C1008A00,4267.36
537,F38059,BB00095,646.03
538,F38061,PT31B1D5A400,531.79
539,F38062,TP0025,781.59
540,F38064,TP0016,510.0
541,F38065,RM00022,393.21
542,F38066,TK00062,803.22
543,F38067,TP0011,1703.0
544,F38067,TP0012,259.46
545,F38069,BP00260,820.66
546,F38073,E1041960,562.22
547,F38074,TUA00021,6908.25
548,F38082,TUA00009,4550.39
549,F38083,TP0001,77.33
550,F38085,TUA00258,11149.24
551,F38086,BN00254,954.69
552,F38089,TP0025,2322.19
553,F38090,TUA00441,1638.08
554,F38092,BP00215,550.77
555,F38092,RP00191,408.3
556,F38094,TP0025,126.37
557,F38096,RC00013,597.52
558,F38097,EE00021,23144.3
559,F38102,TUA00442,1705.76
560,F38104,TP0025,1741.32
561,F38109,RP00195,592.15
562,F38111,RM00022,1572.83
563,F38112,RP00194,297.27
564,F38113,TUA00443,961.71
565,F38114,TEA00006,4462.64
566,F38115,RC00012,7355.22
567,F38116,TU5/16X230MM,799.65
568,F38119,EE00055,1484.71
569,F38122,TEA00096,1426.09
570,F38124,PT00083,2503.73
571,F38124,TEA00100,2978.75
572,F38127,TP0002,90.43
573,F38129,CS12D2040A01,562.48
574,F38130,TUA00439,1541.53
575,F38131,TEA00099,2914.83
576,F38132,TP0011,1718.0
577,F38134,TP0002,181.26
578,F38135,TJ00063,9478.26
579,F38140,PK31A1I1A000,1322.14
580,F38141,BC00027,3904.92
581,F38142,BB00101,876.96
582,F38145,TUE00081,1576.73
583,F38147,CAE00011,1147.87
584,F38148,RP00197,4904.69
585,F38149,TUS00121,499.01
586,F38155,BP00263,525.31
587,F38159,TU5/16X870J127V,924.89
588,F38160,RP00196,8475.39
589,F38161,CS58M2050A11,1523.43
590,F38161,PJ000GE1A400,553.27
591,F38170,TP00021,1613.91
592,F38170,TP00022,1679.98
593,F38171,BB1 1/2X1/2-300W,171.0
594,F38177,93980461,806.51
595,F38178,93980461,806.51
596,F38179,54020219,2792.42
597,F38180,54020219,2667.32
598,F38186,TUA00131,7556.28
599,F38189,RP00193,1806.6
600,F38191,TUE00353,503.46
601,F38194,TUE00207,3717.3
602,F38195,TUE00354,1155.74
603,F38196,PJ000GH1A000,731.78
604,F38196,PJ000GJ1A000,897.82
605,F38196,PT00084,1896.36
606,F38200,PT00010,4304.13
607,F38201,TUA00127,3746.31
608,F38204,TUA00321,6824.94
609,F38205,MR01934,1545.16
610,F38208,TP0001,324.2
611,F38209,RP00002,-3960.83
612,F38215,ECQ-01444,8988.43
613,F38216,TUA00311,1202.72
614,F38217,TUE00068,5386.49
615,F38221,CAS00080,63116.08
616,F38228,TUS00090,518.81
617,F38229,TEA00058,7925.64
618,F38230,BB1 1/2X1/2-300W,132.0
619,F38233,70001694,4588.99
620,F38234,70001692,3434.45
621,F38235,70001684,7497.56
622,F38236,RP00198,971.18
623,F38239,CAS00034,6725.11
624,F38240,TP0003,264.85
625,F38241,TP0022,14752.85
626,F38245,TEA00101,467.22
627,F38246,TP0016,1020.0
628,F38247,TUS00122,1104.56
629,F38248,TUS00122,1656.84
630,F38249,TP0005,167.59
631,F38256,CS58G1030A00,955.71
632,F38261,TU5/16X203V,960.39
633,F38265,BP00264,1780.0
634,F38276,CAS00043,1134.06
635,F38277,47980249,4154.22
636,F38278,47980626,2636.09
637,F38279,MR8-250-11-13,1359.96
638,F38281,TUA00449,4529.47
639,F38281,TUA00450,2356.59
640,F38282,TUA00049,9946.69
641,F38283,CBE00012,6668.93
642,F38283,CBE00040,3756.17
643,F38284,TK00065,907.44
644,F38288,TP0040,281.37
645,F38291,47980075,28303.52
646,F38293,47980249,10944.77
647,F38294,CAS00079,5085.61
648,F38295,TUE00101,733.01
649,F38296,AK00012,2532.87
650,F38297,TUA00445,2513.99
651,F38300,CBE00039,567.0
652,F38302,TJ00091,681.74
653,F38309,TU5/16X230MM,1599.22
654,F38312,TUE00146,42622.74
655,F38315,TUA00325,8599.48
656,F38317,BN00256,1128.43
657,F38317,BN00257,974.16
658,F38317,BP00263,525.31
659,F38321,BB1 1/2X1/2-300W,172.0
660,F38324,RP00201,507.67
661,F38327,BB1 1/2X1/2-300W,171.0
662,F38329,TUA00436,5905.19
663,F38336,TU5/16X230MM,799.61
664,F38342,RP00202,732.06
665,F38343,CS58P2120A01,7302.26
666,F38344,BOBINA001,27635.96
667,F38346,TUA00444,3065.61
668,F38347,CS14D2017B20,1488.39
669,F38349,TP0011,1397.24
670,F38349,TP0012,1280.8
671,F38351,TP0006,-522.0
672,F38352,RP00203,-166753.38
673,F38353,TUE00362,1032.8
674,F38357,TEE00027,3000.68
675,F38358,TU5/16X230MM,799.61
676,F38364,TP0001,51.71
677,F38365,TUA00438,1134.94
678,F38368,TUA00439,3083.06
679,F38372,TUS00005,2496.63
680,F38373,TU5/16X203V,960.39
681,F38374,BO00061,8730.14
682,F38375,TUE00363,2273.89
683,F38380,CS14D2017B20,2104.39
684,F38386,BB1 1/2X1/2-300W,132.0
685,F38388,BO00064,1295.6
686,F38390,BO00062,4612.63
687,F38391,CBS00098,5716.02
688,F38392,TP0011,374.31
689,F38393,ECQ-00972,22400.21
690,F38393,ECQ-00974,4529.41
691,F38395,TP0025,152.67
692,F38399,TUA00446,1182.26
693,F38401,CAS00068,1526.69
694,F38401,CAS00069,788.66
695,F38401,CAS00070,1216.15
696,F38401,CAS00071,1465.01
697,F38403,TP0002,590.91
698,F38403,TP0003,737.13
699,F38404,TUA00124,904.02
700,F38407,PK51H1JBA600,3059.83
701,F38408,TEE00028,4148.18
702,F38408,TUS00123,4433.44
703,F38412,CAS00081,719.74
704,F38412,TP0024,143.51
705,F38417,TP0012,510.4
706,F38418,BN00258,1333.73
707,F38424,TUA00447,5523.25
708,F38424,TUA00448,5425.38
709,F38425,TUE00362,516.07
710,F38426,TP0009,315.84
711,F38427,TP0011,1397.24
712,F38427,TP0012,1020.8
713,F38428,TP0003,232.28
714,F38432,CM10G1030A00,1847.22
715,F38433,TUA00457,2266.62
716,F38435,TP0025,3578.46
717,F38436,BP00246,604.71
718,F38436,BP00247,1678.51
719,F38436,BP00263,1050.62
720,F38437,TUA00413,557.8
721,F38438,TU5/16X203V240W,554.85
722,F38440,EE00059,6929.1
723,F38443,BO00063,-38.41
724,F38443,RB00021,2147.66
725,F38447,CS14D2017B20,701.36
726,F38454,TUA00453,4763.66
727,F38455,CS14E1012A00,1702.31
728,F38456,TEA00103,2765.92
729,F38457,TUA00009,2226.14
730,F38458,PT00057,2308.08
731,F38459,CAE00011,757.96
732,F38464,TT00009,5602.19
733,F38464,TT00010,6126.27
734,F38466,P9K1J1D1G030,1116.64
735,F38469,TU5/16X870J127V,475.41
736,F38471,P214J1BBA600,743.41
737,F38472,BN00260,1001.68
738,F38472,BN00261,1208.74
739,F38474,CS38C1008A00,3840.62
740,F38475,TJ00029,3230.02
741,F38477,TUA00099,6226.16
742,F38477,TUA00191,2721.71
743,F38480,TP0005,338.23
744,F38482,BP00215,550.77
745,F38482,RP00191,408.3
746,F38484,BOBINA002,35136.41
747,F38484,BOBINA003,19930.55
748,F38487,TUS00016,2046.62
749,F38487,TUS00017,2625.1
750,F38487,TUS00018,3162.35
751,F38488,PA00011,1943.94
752,F38488,PA00012,1556.5
753,F38489,TUA00458,1534.45
754,F38491,PT31B1G1AG00,2609.57
755,F38492,PT00087,2200.85
756,F38493,TUA00459,819.98
757,F38495,TUA00461,789.87
758,F38497,TUE00171,4245.08
759,F38499,TP0012,255.2
760,F38501,TP0011,1031.11
761,F38502,TUA00460,2206.69
762,F38505,TUE00004,395.73
763,F38507,ECQ-01444,15960.89
764,F38509,TEA00004,388.64
765,F38513,BN00216,495.34
766,F38514,TUA00009,2521.58
767,F38516,BL00012,591.0
768,F38517,PJ31F1F1A400,260.68
769,F38524,ECQ-00971,1711.94
770,F38528,TP0016,471.8
771,F38531,TUA00459,819.98
772,F38534,BL00057,753.73
773,F38534,BL00058,1166.49
774,F38534,BP00265,1168.31
775,F38534,BP00266,1258.01
776,F38536,TP0007,365.79
777,F38536,TP0008,391.48
778,F38536,TP0009,294.5
779,F38537,BS00012,583.24
780,F38542,ABRAZA01,1079.68
781,F38543,TEA00006,4439.07
782,F38544,TEA00006,3329.3
783,F38545,93980461,711.4
784,F38546,54020219,2667.32
785,F38547,47980249,4106.48
786,F38549,EE00060,888.98
787,F38553,PJ000NH1A400,2985.02
788,F38557,P131B1I14000,429.89
789,F38558,TP0012,569.47
790,F38561,PJ000GH1A000,365.89
791,F38561,PJ000GJ1A000,2693.45
792,F38562,PT00063,876.72
793,F38566,BS00010,1186.02
794,F38576,BN00263,2027.28
795,F38576,BP00267,1416.86
796,F38577,MR01934,3884.0
797,F38578,TUA00318,7921.49
798,F38580,TUA00459,819.98
799,F38583,CAS00083,25685.11
800,F38583,CAS00084,12791.35
801,F38583,CAS00085,1649.18
802,F38583,CAS00086,1227.08
803,F38586,TP0011,1284.3
804,F38588,PT00088,470.89
805,F38588,TUE00364,775.35
806,F38590,BP00070,2104.62
807,F38602,TP0040,228.13
808,F38602,TUA00376,9167.2
809,F38604,TJ00092,1924.99
810,F38605,TP0001,96.21
811,F38606,CBS00104,1909.61
812,F38609,PT00034,7399.49
813,F38612,AJ00010,2178.77
814,F38612,TUE00367,3092.27
815,F38613,TEE00017,1657.34
816,F38615,PT00047,5524.05
817,F38616,TUA00177,12843.96
818,F38617,TP0012,293.2
819,F38620,RP00205,1925.0
820,F38622,TP0005,217.51
821,F38622,TP0040,527.71
822,F38625,TU5/16X215V240W,810.55
823,F38633,TUE00105,3650.1
824,F38636,70001694,1007.01
825,F38636,70001696,1636.35
826,F38636,CBE00041,4647.85
827,F38636,CBS00056,2238.28
828,F38637,RP00206,2550.69
829,F38637,RP00207,5219.59
830,F38637,RP00208,2604.26
831,F38637,TUE00061,2935.68
832,F38638,BOBINA001,26085.36
833,F38638,TEA00023,10384.38
834,F38639,PT00033,601.29
835,F38641,CS38K2025A2D,1560.03
836,F38641,TUE00366,3803.7
837,F38642,PA00008,11438.87
838,F38642,PA00009,9985.17
839,F38643,PA00005,9234.46
840,F38645,TP0002,174.86
841,F38646,TUA00464,13689.7
842,F38648,TUE00172,20088.3
843,F38649,TUE00247,2546.97
844,F38651,BP00259,395.44
845,F38651,BP00260,497.96
846,F38652,BP00259,395.44
847,F38652,BP00260,497.96
848,F38653,PJ31A1I1A400,2698.79
849,F38657,BB2X2ST,484.0
850,F38663,TUA00463,4514.03
851,F38665,RP00165,13722.5
852,F38669,TUA00436,5904.02
853,F38672,PT00047,5524.05
854,F38675,TUE00061,2295.74
855,F38683,TP0025,1146.69
856,F38688,PT00089,3688.37
857,F38690,PJ04F1H1A400,1807.92
858,F38690,PK04F1H1A400,1990.42
859,F38692,TUA00438,1130.44
860,F38698,WRE-2774,3727.64
861,F38700,RM00043,3931.14
862,F38702,TUE00369,1171.82
863,F38704,BL00059,1661.54
864,F38704,BP00239,1316.41
865,F38704,BP00263,1169.82
866,F38705,EE00063,17147.72
867,F38706,MA00021,420.69
868,F38706,P114R1AB0600,7350.71
869,F38708,CAS00068,3665.07
870,F38708,CAS00069,2421.75
871,F38708,CAS00070,3912.72
872,F38708,CAS00071,4036.43
873,F38709,70001690,3802.63
874,F38709,70001694,1706.0
875,F38711,97020238,23175.96
876,F38716,TUA00468,2200.01
877,F38727,TP0011,1703.0
878,F38727,TP0012,1276.0
879,F38736,TUE00368,7051.71
880,F38741,RPISTOLA01,1913.55
881,F38744,TUA00222,879.73
882,F38748,TP0003,1105.5
883,F38758,TP0001,411.03
884,F38758,TP0003,181.27
885,F38758,TP0005,421.52
886,F38760,TP0011,1055.4
887,F38762,ECQ-00971,2316.9
888,F38762,ECQ-00972,35514.46
889,F38763,ECQ-00971,2407.43
890,F38763,ECQ-00972,23701.82
891,F38763,ECQ-01444,8836.08
892,F38764,TP0002,184.36
893,F38771,PJ31L1H1G400,3119.16
894,F38773,TUS00125,696.45
895,F38777,TUA00175,8085.91
896,F38778,TUA00471,838.03
897,F38780,RPISTOLA01,2551.4
898,F38784,54020219,3986.01
899,F38785,93980461,1613.02
900,F38786,70001691,1287.58
901,F38789,TJ00093,603.56
902,F38791,TUA00470,4025.49
903,F38792,TUA00467,3214.2
904,F38794,TUA00453,8970.36
905,F38795,BN00264,705.26
906,F38796,TUA00469,3129.95
907,F38797,BOBINA001,26078.68
908,F38800,RP00209,1246.99
909,F38801,TP0018,410.58
910,F38803,TP0003,82.63
911,F38806,65014-40,1696.15
912,F38806,67234-15,1098.49
913,F38807,PJ06C1CHB000,630.06
914,F38809,TUA00065,2248.25
915,F38809,TUA00066,1373.07
916,F38814,TUE00081,1808.76
917,F38816,TUE00370,9732.79
918,F38817,CM65C1020B02,5506.66
919,F38821,TEA00044,3479.66
920,F38821,TEE00024,3204.81
921,F38824,AK00013,674.55
922,F38826,TUA00464,13689.7
923,F38829,TP00007,-1.62
924,F38829,TUE00372,1393.58
925,F38832,TP0002,91.36
926,F38836,TP0001,71.8
927,F38837,BO00047,2941.07
928,F38837,BO00066,7444.77
929,F38838,47980626,2690.88
930,F38841,TUE00371,1034.55
931,F38850,TUE00172,22503.48
932,F38851,TP0007,457.76
933,F38853,BN00158,637.73
934,F38854,BO00044,1542.54
935,F38857,TUE00075,3488.35
936,F38857,TUE00198,1728.79
937,F38861,TP0003,76.35
938,F38862,TUE00122,2266.15
939,F38863,TJ00081,468.12
940,F38864,TP0001,76.8
941,F38864,TP0002,92.05
942,F38867,TUE00267,-5538.7
943,F38868,TUA00472,1415.3
944,F38871,TUA00437,1484.45
945,F38874,PJ06C1CHB000,630.06
946,F38876,PT00011,14980.93
947,F38880,TUA00258,10318.75
948,F38881,BN00055,5424.38
949,F38882,ABRAZA01,1181.99
950,F38883,TUS00001,1710.97
951,F38883,TUS00002,1706.7
952,F38884,TP0007,2770.32
953,F38887,TP0016,552.8
954,F38889,CBS00043,4389.07
955,F38890,TP0005,167.59
956,F38891,TP0015,424.0
957,F38892,TUA00134,6087.15
958,F38894,BN00265,1214.74
959,F38900,RP00212,1172.58
960,F38910,BOBINA004,31738.36
961,F38912,RPISTOLA01,1770.15
962,F38913,BC00029,9700.0
963,F38914,TP00012,429.96
964,F38923,TUE00373,2112.13
965,F38924,TUA00009,2246.43
966,F38925,MA00001,2071.69
967,F38932,EE00067,3227.24
968,F38932,EE00068,1987.58
969,F38937,CBE00032,3208.44
970,F38938,BB1 1/2X1/2-300W,418.0
971,F38941,TEE00017,4054.23
972,F38946,TUE00374,1083.16
973,F38947,TUE00216,10755.51
974,F38948,CBS00075,7854.45
975,F38949,CS58K2105AA1,14831.7
976,F38950,ECQ-00972,23217.24
977,F38951,PT00090,15625.36
978,F38954,TP0025,4769.65
979,F38957,TUE00034,7520.42
980,F38958,TJ00094,798.39
981,F38959,TUA00462,973.25
982,F38959,TUE00365,815.49
983,F38961,TK00066,255.78
984,F38967,TP0004,3015.89
985,F38968,TP0016,552.9
986,F38969,TUA00249,2234.2
987,F38970,TP0003,146.35
988,F38973,RC00030,1328.51
989,F38977,TP0016,1415.4
990,F38984,CS34S2075A00,6052.99
991,F38984,CS34S2100A00,6374.0
992,F38986,TU5/16X230MM,1547.35
993,F38995,47980590,1106.23
994,F38996,93980461,806.51
995,F38996,93980465,2047.87
996,F38997,54020219,5584.85
997,F38998,PT00047,9926.9
998,F38999,P25601AB0600,553.76
999,F39004,CS12N1050A00,5011.1
1000,F39005,TUS00126,455.09
1001,F39006,BC00010,5160.75
1002,F39007,RB00003,1093.74
1003,F39007,RB00010,-495.82
1004,F39008,CS12F1040A00,920.37
1005,F39009,TP0016,1105.81
1006,F39010,CAS00084,5639.02
1007,F39010,CAS00085,738.08
1008,F39010,CAS00086,542.81
1009,F39013,BP00268,1589.3
1010,F39014,TUA00098,657.2
1011,F39016,BP00268,1666.3
1012,F39017,TUA00468,2200.01
1013,F39018,ECQ-00972,22873.85
1014,F39018,ECQ-00974,2341.18
1015,F39020,TP0011,340.6
1016,F39024,TUE00081,3683.72
1017,F39026,TUA00473,641.74
1018,F39028,BB1 1/2X1/2-300W,132.0
1019,F39029,TP0004,3088.71
1020,F39032,TUE00161,5015.87
1021,F39033,CS12J1075A00,2200.34
1022,F39034,CAE00045,2484.55
1023,F39036,TP0008,340.17
1024,F39036,TP0010,449.46
1025,F39040,TP0012,269.99
1026,F39046,CAS00063,10798.38
1027,F39051,BB1 1/2X1/2-300W,209.0
1028,F39053,TUE00376,567.59
1029,F39054,PK31A1I1A000,4129.13
1030,F39055,TUS00005,1892.09
1031,F39061,TP0003,998.88
1032,F39061,TP0008,1406.18
1033,F39063,RP00213,868.94
1034,F39065,RP00214,758.67
1035,F39065,TUA00474,3832.72
1036,F39065,TUE00094,1103.54
1037,F39066,TUA00441,1442.78
1038,F39067,TUA00027,1736.78
1039,F39070,TP00007,-7.83
1040,F39072,CS38H1020A00,921.28
1041,F39073,TU5/16X230MM,773.68
1042,F39074,TU5/16X230MM,773.68
1043,F39076,TUA00009,2460.64
1044,F39078,TP0005,166.51
1045,F39082,TUE00375,1764.75
1046,F39088,TUE00378,13063.98
1047,F39089,TP0003,76.35
1048,F39090,TUA00475,701.47
1049,F39090,TUS00127,483.82
1050,F39096,PJ31G1AB0600,702.5
1051,F39097,TUA00476,770.35
1052,F39105,TEA00105,1426.9
1053,F39114,TUA00033,3759.61
1054,F39114,TUS00001,1723.59
1055,F39114,TUS00002,3369.69
1056,F39115,TEA00017,2494.06
1057,F39116,TUE00379,675.92
1058,F39117,TUE00377,1837.32
1059,F39120,TP00008,1329.6
1060,F39120,TUE00063,3874.21
1061,F39120,TUE00129,1557.32
1062,F39120,TUE00334,1734.63
1063,F39121,RP00001,-30088.77
1064,F39124,TP0003,71.35
1065,F39125,BB1 1/2X1/2-300W,189.75
1066,F39128,BB2X2ST,242.0
1067,F39130,TUA00459,819.98
1068,F39131,TUA00459,819.98
1069,F39133,CAS00051,2765.1
1070,F39133,CBS00007,2710.76
1071,F39134,TUE00207,929.32
1072,F39135,TUE00207,929.32
1073,F39136,TUE00207,929.32
1074,F39137,TUE00207,929.32
1075,F39138,TP0011,681.2
1076,F39139,BS00006,53994.03
1077,F39139,BS00008,50832.18
1078,F39142,TP0001,307.21
1079,F39144,EE00071,885.86
1080,F39146,BC00006,1472.83
1081,F39146,BL00002,1594.8
1082,F39146,BN00145,3270.3
1083,F39146,BN00146,3292.03
1084,F39146,PT00079,802.98
1085,F39147,PT00083,4600.13
1086,F39147,TEA00100,2978.75
1087,F39150,TUE00380,4463.67
1088,F39151,TUA00053,2433.91
1089,F39152,CS58L2050A00,1476.66
1090,F39154,PRECA003,25520.89
1091,F39156,TUA00189,15965.75
1092,F39159,TP0012,1029.6
1093,F39174,ECQ-00972,35595.93
1094,F39177,TP00010,1803.56
1095,F39179,BN00266,1293.91
1096,F39181,CERAISON-14-28,5.35
1097,F39181,TP0012,1742.04
1098,F39183,TUA00247,10526.78
1099,F39184,TP0002,276.14
1100,F39188,TUE00184,2008.21
1101,F39191,TUE00382,22639.13
1102,F39199,TUA00436,4920.99
1103,F39200,AK00010,1152.44
1104,F39201,EE00063,68590.88
1105,F39203,CS58D2030A00,873.19
1106,F39204,CS12D2030A00,917.78
1107,F39208,TUA00200,21960.61
1108,F39212,TUE00383,1042.35
1109,F39213,TUA00477,744.23
1110,F39216,CS38D1017B00,1369.5
1111,F39223,CAS00013,821.62
1112,F39229,TP0016,510.0
1113,F39231,TP0025,119.09
1114,F39231,TP0026,191.91
1115,F39233,TP0011,1362.4
1116,F39235,TEA00106,551.85
1117,F39237,TP0007,1847.01
1118,F39237,TP0026,2843.63
1119,F39238,BL00060,970.39
1120,F39239,TUE00381,3411.77
1121,F39240,BP00183,1265.45
1122,F39248,BB2X2ST,242.0
1123,F39253,TP0012,720.77
1124,F39254,TP0002,184.09
1125,F39256,RP00216,2533.27
1126,F39259,TUA00175,8085.91
1127,F39260,BP00269,723.44
1128,F39265,BB2X2ST,968.28
1129,F39270,EE00072,3583.98
1130,F39271,BN00267,1448.62
1131,F39271,BN00268,1208.56
1132,F39272,RP00220,1582.0
1133,F39273,TUA00124,2917.26
1134,F39274,TP0011,3406.0
1135,F39278,TUA00478,4632.94
1136,F39281,47980590,-592.5
1137,F39281,47980626,709.39
1138,F39283,BP00259,586.21
1139,F39283,BP00260,657.83
1140,F39284,TUE00112,11556.1
1141,F39284,TUE00113,4089.55
1142,F39285,CS38H1040A11,2792.0
1143,F39291,ECQ-00972,23195.8
1144,F39291,ECQ-01444,7238.23
1145,F39294,TUA00475,701.47
1146,F39300,TUS00109,3256.75
1147,F39303,TUE00385,628.8
1148,F39306,TU5/16X215V240W,333.55
1149,F39312,70001691,1920.59
1150,F39312,70001693,3142.99
1151,F39312,70001694,2822.33
1152,F39312,70001696,4090.88
1153,F39312,70001697,3983.69
1154,F39312,70001698,3687.26
1155,F39312,70007685,15631.29
1156,F39315,TUE00207,4409.63
1157,F39320,BP00270,614.73
1158,F39320,BP00271,715.7
1159,F39320,BP00272,734.78
1160,F39320,BP00273,548.15
1161,F39324,CAS00083,6606.56
1162,F39324,CAS00084,6611.64
1163,F39324,CAS00085,780.46
1164,F39324,CAS00086,573.18
1165,F39326,TUS00001,1733.63
1166,F39327,TUA00021,10656.45
1167,F39332,TU5/16X203V240W,339.36
1168,F39334,TUE00386,1086.66
1169,F39340,CAS00073,5666.78
1170,F39340,CAS00074,5514.25
1171,F39340,RP00222,417.16
1172,F39340,TUA00057,6537.68
1173,F39342,BS00006,31983.55
1174,F39343,RPISTOLA01,2949.42
1175,F39345,TP0003,697.95
1176,F39346,TEA00107,603.16
1177,F39347,TEA00107,1206.33
1178,F39349,BN00269,788.81
1179,F39351,TP0015,436.84
1180,F39351,TP0016,591.1
1181,F39352,TP0012,295.85
1182,F39353,TUA00063,1413.34
1183,F39358,BO00067,748.43
1184,F39359,CS12C1025A00,3648.3
1185,F39361,MR8-250-11-13,3399.89
1186,F39363,TUA00463,5674.77
1187,F39364,CS12G1040A00,1424.95
1188,F39365,CBE00012,11620.48
1189,F39365,CBE00040,4853.43
1190,F39366,TUA00049,10948.33
1191,F39372,BP00259,700.24
1192,F39372,BP00260,717.66
1193,F39372,BP00274,701.56
1194,F39372,BP00275,701.29
1195,F39372,BP00276,743.19
1196,F39374,BC00010,5783.35
1197,F39376,TEA00108,449.65
1198,F39379,TUA00480,2357.99
1199,F39384,TUA00479,4841.12
1200,F39385,TEA00110,575.62
1201,F39387,TUE00258,1115.05
1202,F39388,TUE00258,1115.05
1203,F39390,BC00030,14930.23
1204,F39396,BP00277,2256.94
1205,F39396,BP00278,2375.24
1206,F39399,BN00270,1790.53
1207,F39400,BB2X2ST,648.0
1208,F39403,TP0001,153.61
1209,F39404,CS14K2040A00,1013.16
1210,F39404,CS14L2040A00,1063.35
1211,F39404,TP0006,722.57
1212,F39405,CAS00087,5180.34
1213,F39405,CAS00088,900.05
1214,F39411,TEA00109,456.27
1215,F39412,BL00061,4854.27
1216,F39420,TP0008,852.13
1217,F39420,TP0009,1263.34
1218,F39420,TP0010,898.92
1219,F39422,PJ31C1C1B000,558.07
1220,F39424,EE00071,2214.65
1221,F39425,TP0003,76.32
1222,F39426,TUA00463,2837.38
1223,F39428,RP00227,667.31
1224,F39432,TUA00481,757.23
1225,F39433,TUA00481,757.23
1226,F39436,EE00063,68590.88
1227,F39437,TUS00048,705.41
1228,F39438,TP0002,184.09
1229,F39441,TUS00113,1107.63
1230,F39442,TP0002,90.3
1231,F39444,TP0008,852.09
1232,F39447,PJ18D2E1A410,347.26
1233,F39449,TUA00482,4501.5
1234,F39450,CM10I2040A00,1926.53
1235,F39454,P25601AB0600,553.76
1236,F39455,TP0003,1488.5
1237,F39455,TP0008,1201.31
1238,F39456,EE00075,8955.12
1239,F39468,TP0002,92.05
1240,F39470,TP0001,71.8
1241,F39471,CS12N1050A00,3758.32
1242,F39490,CS58O2050A00,1335.83
1243,F39491,RP00225,1364.0
1244,F39493,TP0002,368.19
1245,F39494,CAS00083,6606.56
1246,F39494,CAS00084,4628.15
1247,F39494,CAS00085,19511.55
1248,F39494,CAS00086,573.18
1249,F39499,TUS00016,2282.9
1250,F39499,TUS00017,2228.84
1251,F39499,TUS00018,3418.35
1252,F39500,BO00066,4963.18
1253,F39503,RP00192,17449.8
1254,F39509,TP0002,207.29
1255,F39509,TP0003,243.59
1256,F39511,TEE00017,2803.9
1257,F39513,TUA00484,5514.68
1258,F39519,TUE00384,467.55
1259,F39523,TUA00483,2384.29
1260,F39524,EE00077,13102.49
1261,F39525,CBS00001,12356.38
1262,F39526,BB1 1/2X1/2-300W,184.0
1263,F39526,TP0025,228.17
1264,F39531,BP00259,546.21
1265,F39531,BP00260,657.83
1266,F39539,PJ14R1B40A00,18.99
1267,F39541,TUA00175,7832.22
1268,F39542,ECQ-00971,1181.81
1269,F39542,ECQ-00972,23182.19
1270,F39543,P231E1AB0600,900.0
1271,F39543,P231J1AB0600,426.57
1272,F39546,CBS00092,11932.46
1273,F39549,BL00062,2226.47
1274,F39550,TP0002,262.14
1275,F39554,TUE00387,3056.77
1276,F39555,TP0012,514.8
1277,F39560,TUA00325,15791.62
1278,F39564,TUA00486,1008.79
1279,F39566,RPISTOLA01,3541.82
1280,F39568,BP00279,1212.07
1281,F39569,TU5/16X203V,1621.08
1282,F39569,TUA00436,2460.49
1283,F39571,TUS00128,412.17
1284,F39571,TUS00129,431.85
1285,F39571,TUS00130,438.85
1286,F39574,TP0001,71.93
1287,F39574,TP0024,117.41
1288,F39576,EE00022,27153.66
1289,F39577,TK00028,881.52
1290,F39582,RP00223,1900.93
1291,F39584,TUE00388,5827.47
1292,F39586,BO00061,8730.14
1293,F39587,TUE00122,2561.16
1294,F39588,TP0040,281.87
1295,F39591,CAS00089,14475.29
1296,F39592,RP00165,13722.5
1297,F39595,TUE00389,5049.64
1298,F39597,TJ00037,769.55
1299,F39597,TP0022,1062.01
1300,F39597,TP0040,308.15
1301,F39598,TUA00485,958.76
1302,F39600,TUA00098,2538.78
1303,F39603,TUA00468,2820.53
1304,F39605,TP0005,1143.01
1305,F39608,TP0001,153.61
1306,F39608,TP0002,183.38
1307,F39608,TP0003,124.84
1308,F39609,TJ00095,2499.63
1309,F39609,TJ00096,2455.82
1310,F39610,TP0011,3406.0
1311,F39610,TP0012,514.8
1312,F39611,CBS00019,5759.74
1313,F39612,TUA00191,1346.9
1314,F39613,TP0022,772.75
1315,F39615,TP0008,1011.08
1316,F39615,TP0009,631.67
1317,F39615,TP0010,898.92
1318,F39618,TUE00391,14671.74
1319,F39621,TP0001,76.8
1320,F39622,TEE00012,22452.82
1321,F39624,BN00271,800.66
1322,F39625,RP00228,738.1
1323,F39627,TUA00487,4016.84
1324,F39630,TUE00390,1331.11
1325,F39631,P114Q1H90412,3219.92
1326,F39632,P251L1J1B000,5594.57
1327,F39633,CBS00001,24160.04
1328,F39634,BS00006,17722.0
1329,F39634,BS00008,16537.11
1330,F39636,TP0003,1063.72
1331,F39637,BB00103,1119.79
1332,F39642,ECQ-00972,23479.89
1333,F39643,TUE00195,399.02
1334,F39645,CBS00106,723.31
1335,F39647,TU5/16X870J127V,600.41
1336,F39649,CAE00046,736.42
1337,F39649,CM16I2090A00,595.35
1338,F39654,TUA00258,11384.19
1339,F39657,BO00061,8730.14
1340,F39659,TUE00142,1772.46
1341,F39661,TUA00490,7287.4
1342,F39661,TUA00491,13609.08
1343,F39664,BN00272,1472.33
1344,F39666,BB00102,1080.26
1345,F39671,CAS00044,5245.25
1346,F39672,CAE00045,3188.07
1347,F39673,CS12C1025A00,4904.3
1348,F39675,TUE00166,1244.62
1349,F39678,ABRAZA01,1016.15
1350,F39685,47980249,4073.29
1351,F39686,47980249,6124.21
1352,F39686,47980626,631.3
1353,F39687,TP0003,227.97
1354,F39691,TEA00095,2959.75
1355,F39696,RP00229,13688.0
1356,F39700,TUE00142,1927.57
1357,F39701,CAE00047,830.57
1358,F39701,TUE00392,1105.71
1359,F39706,TP0011,681.2
1360,F39716,BO00005,16747.9
1361,F39719,CBS00092,24892.82
1362,F39721,ABRAZA01,1016.15
1363,F39725,TUE00207,6360.01
1364,F39730,TP0012,257.4
1365,F39731,ECQ-00972,23194.18
1366,F39732,TEA00006,2359.53
1367,F39733,TUS00131,4157.7
1368,F39736,TEA00111,9451.34
1369,F39741,TUS00052,1529.41
1370,F39743,TUA00401,1612.87
1371,F39748,TUE00206,420.07
1372,F39749,TP0011,340.6
1373,F39749,TP0012,772.2
1374,F39751,TUA00489,3045.5
1375,F39752,TU5/16X870J127V,462.44
1376,F39754,CS14D2017B20,6387.73
1377,F39757,TP0016,593.0
1378,F39759,TUA00488,2983.73
1379,F39760,TP0005,1786.78
1380,F39762,TP0004,674.81
1381,F39762,TP0008,1395.87
1382,F39763,CBS00107,1079.68
1383,F39764,TUE00081,1863.57
1384,F39767,TUE00393,2053.2
1385,F39770,TUE00207,5879.51
1386,F39774,ECQ-01444,13351.5
1387,F39775,EE00077,21837.49
1388,F39776,ECQ-00971,1230.61
1389,F39776,ECQ-00974,2418.73
1390,F39776,ECQ-01444,11400.21
1391,F39777,BO00061,17460.29
1392,F39780,TP0012,352.4
1393,F39788,TUA00494,9474.78
1394,F39791,TUA00433,11245.96
1395,F39792,TU5/16X203V,748.43
1396,F39793,PT00091,1235.07
1397,F39794,CAS00083,17177.06
1398,F39794,CAS00084,6611.64
1399,F39795,PJ31A1I1A000,2487.8
1400,F39795,PJ31A1I1A400,2507.09
1401,F39801,CS58R2200A01,9519.54
1402,F39803,TUA00493,1325.07
1403,F39810,CBS00109,26372.18
1404,F39811,ECQ-00974,6067.08
1405,F39812,70001698,3806.75
1406,F39813,CAS00035,309.9
1407,F39815,RP00230,4349.11
1408,F39815,RP00231,2200.32
1409,F39816,TUA00492,10637.54
1410,F39817,TP0016,829.0
1411,F39820,TU5/16X230MM,773.77
1412,F39824,TUA00325,7920.92
1413,F39826,RB00007,9095.92
1414,F39828,TP00018,1376.51
1415,F39830,BP00006,9560.98
1416,F39830,PJ31Q1G1A400,947.83
1417,F39833,BL00002,1721.01
1418,F39833,BN00145,3248.75
1419,F39833,BN00146,3197.02
1420,F39833,PT00079,1399.82
1421,F39834,CS12F1040A00,3658.12
1422,F39834,CS12H1050A00,3683.48
1423,F39835,TUE00394,4757.41
1424,F39837,TUA00470,4025.49
1425,F39838,RB00007,13253.45
